palabra,pagina,palabra_busqueda,cantidad,fechaini,fechafin
ilidad,https://www.infobae.com/campo/2018/04/18/la-dirigencia-agropecuaria-reclamo-bajar-la-presion-impositiva-y-ayudar-a-los-afectados-por-la-sequia/,daniel+pelegrina,1,20180418,20180418
ministro,https://www.infobae.com/campo/2018/04/18/la-dirigencia-agropecuaria-reclamo-bajar-la-presion-impositiva-y-ayudar-a-los-afectados-por-la-sequia/,daniel+pelegrina,1,20180418,20180418
agroindustria,https://www.infobae.com/campo/2018/04/18/la-dirigencia-agropecuaria-reclamo-bajar-la-presion-impositiva-y-ayudar-a-los-afectados-por-la-sequia/,daniel+pelegrina,1,20180418,20180418
nacion,https://www.infobae.com/campo/2018/04/18/la-dirigencia-agropecuaria-reclamo-bajar-la-presion-impositiva-y-ayudar-a-los-afectados-por-la-sequia/,daniel+pelegrina,1,20180418,20180418
luis,https://www.infobae.com/campo/2018/04/18/la-dirigencia-agropecuaria-reclamo-bajar-la-presion-impositiva-y-ayudar-a-los-afectados-por-la-sequia/,daniel+pelegrina,1,20180418,20180418
miguel,https://www.infobae.com/campo/2018/04/18/la-dirigencia-agropecuaria-reclamo-bajar-la-presion-impositiva-y-ayudar-a-los-afectados-por-la-sequia/,daniel+pelegrina,1,20180418,20180418
etchevehere,https://www.infobae.com/campo/2018/04/18/la-dirigencia-agropecuaria-reclamo-bajar-la-presion-impositiva-y-ayudar-a-los-afectados-por-la-sequia/,daniel+pelegrina,1,20180418,20180418
reunio,https://www.infobae.com/campo/2018/04/18/la-dirigencia-agropecuaria-reclamo-bajar-la-presion-impositiva-y-ayudar-a-los-afectados-por-la-sequia/,daniel+pelegrina,1,20180418,20180418
este,https://www.infobae.com/campo/2018/04/18/la-dirigencia-agropecuaria-reclamo-bajar-la-presion-impositiva-y-ayudar-a-los-afectados-por-la-sequia/,daniel+pelegrina,1,20180418,20180418
martes,https://www.infobae.com/campo/2018/04/18/la-dirigencia-agropecuaria-reclamo-bajar-la-presion-impositiva-y-ayudar-a-los-afectados-por-la-sequia/,daniel+pelegrina,1,20180418,20180418
presidentes,https://www.infobae.com/campo/2018/04/18/la-dirigencia-agropecuaria-reclamo-bajar-la-presion-impositiva-y-ayudar-a-los-afectados-por-la-sequia/,daniel+pelegrina,1,20180418,20180418
entidades,https://www.infobae.com/campo/2018/04/18/la-dirigencia-agropecuaria-reclamo-bajar-la-presion-impositiva-y-ayudar-a-los-afectados-por-la-sequia/,daniel+pelegrina,1,20180418,20180418
agropecuarias,https://www.infobae.com/campo/2018/04/18/la-dirigencia-agropecuaria-reclamo-bajar-la-presion-impositiva-y-ayudar-a-los-afectados-por-la-sequia/,daniel+pelegrina,1,20180418,20180418
conforman,https://www.infobae.com/campo/2018/04/18/la-dirigencia-agropecuaria-reclamo-bajar-la-presion-impositiva-y-ayudar-a-los-afectados-por-la-sequia/,daniel+pelegrina,1,20180418,20180418
mesa,https://www.infobae.com/campo/2018/04/18/la-dirigencia-agropecuaria-reclamo-bajar-la-presion-impositiva-y-ayudar-a-los-afectados-por-la-sequia/,daniel+pelegrina,1,20180418,20180418
enlace,https://www.infobae.com/campo/2018/04/18/la-dirigencia-agropecuaria-reclamo-bajar-la-presion-impositiva-y-ayudar-a-los-afectados-por-la-sequia/,daniel+pelegrina,1,20180418,20180418
quienes,https://www.infobae.com/campo/2018/04/18/la-dirigencia-agropecuaria-reclamo-bajar-la-presion-impositiva-y-ayudar-a-los-afectados-por-la-sequia/,daniel+pelegrina,1,20180418,20180418
fueron,https://www.infobae.com/campo/2018/04/18/la-dirigencia-agropecuaria-reclamo-bajar-la-presion-impositiva-y-ayudar-a-los-afectados-por-la-sequia/,daniel+pelegrina,1,20180418,20180418
ministerio,https://www.infobae.com/campo/2018/04/18/la-dirigencia-agropecuaria-reclamo-bajar-la-presion-impositiva-y-ayudar-a-los-afectados-por-la-sequia/,daniel+pelegrina,1,20180418,20180418
sensacion,https://www.infobae.com/campo/2018/04/18/la-dirigencia-agropecuaria-reclamo-bajar-la-presion-impositiva-y-ayudar-a-los-afectados-por-la-sequia/,daniel+pelegrina,1,20180418,20180418
haber,https://www.infobae.com/campo/2018/04/18/la-dirigencia-agropecuaria-reclamo-bajar-la-presion-impositiva-y-ayudar-a-los-afectados-por-la-sequia/,daniel+pelegrina,1,20180418,20180418
conseguido,https://www.infobae.com/campo/2018/04/18/la-dirigencia-agropecuaria-reclamo-bajar-la-presion-impositiva-y-ayudar-a-los-afectados-por-la-sequia/,daniel+pelegrina,1,20180418,20180418
muchas,https://www.infobae.com/campo/2018/04/18/la-dirigencia-agropecuaria-reclamo-bajar-la-presion-impositiva-y-ayudar-a-los-afectados-por-la-sequia/,daniel+pelegrina,1,20180418,20180418
respuestas,https://www.infobae.com/campo/2018/04/18/la-dirigencia-agropecuaria-reclamo-bajar-la-presion-impositiva-y-ayudar-a-los-afectados-por-la-sequia/,daniel+pelegrina,1,20180418,20180418
problemas,https://www.infobae.com/campo/2018/04/18/la-dirigencia-agropecuaria-reclamo-bajar-la-presion-impositiva-y-ayudar-a-los-afectados-por-la-sequia/,daniel+pelegrina,1,20180418,20180418
planteados,https://www.infobae.com/campo/2018/04/18/la-dirigencia-agropecuaria-reclamo-bajar-la-presion-impositiva-y-ayudar-a-los-afectados-por-la-sequia/,daniel+pelegrina,1,20180418,20180418
encuentro,https://www.infobae.com/campo/2018/04/18/la-dirigencia-agropecuaria-reclamo-bajar-la-presion-impositiva-y-ayudar-a-los-afectados-por-la-sequia/,daniel+pelegrina,1,20180418,20180418
extendio,https://www.infobae.com/campo/2018/04/18/la-dirigencia-agropecuaria-reclamo-bajar-la-presion-impositiva-y-ayudar-a-los-afectados-por-la-sequia/,daniel+pelegrina,1,20180418,20180418
casi,https://www.infobae.com/campo/2018/04/18/la-dirigencia-agropecuaria-reclamo-bajar-la-presion-impositiva-y-ayudar-a-los-afectados-por-la-sequia/,daniel+pelegrina,1,20180418,20180418
horas,https://www.infobae.com/campo/2018/04/18/la-dirigencia-agropecuaria-reclamo-bajar-la-presion-impositiva-y-ayudar-a-los-afectados-por-la-sequia/,daniel+pelegrina,1,20180418,20180418
participaron,https://www.infobae.com/campo/2018/04/18/la-dirigencia-agropecuaria-reclamo-bajar-la-presion-impositiva-y-ayudar-a-los-afectados-por-la-sequia/,daniel+pelegrina,1,20180418,20180418
titulares,https://www.infobae.com/campo/2018/04/18/la-dirigencia-agropecuaria-reclamo-bajar-la-presion-impositiva-y-ayudar-a-los-afectados-por-la-sequia/,daniel+pelegrina,1,20180418,20180418
confederaciones,https://www.infobae.com/campo/2018/04/18/la-dirigencia-agropecuaria-reclamo-bajar-la-presion-impositiva-y-ayudar-a-los-afectados-por-la-sequia/,daniel+pelegrina,1,20180418,20180418
rurales,https://www.infobae.com/campo/2018/04/18/la-dirigencia-agropecuaria-reclamo-bajar-la-presion-impositiva-y-ayudar-a-los-afectados-por-la-sequia/,daniel+pelegrina,1,20180418,20180418
argentinas,https://www.infobae.com/campo/2018/04/18/la-dirigencia-agropecuaria-reclamo-bajar-la-presion-impositiva-y-ayudar-a-los-afectados-por-la-sequia/,daniel+pelegrina,1,20180418,20180418
dardo,https://www.infobae.com/campo/2018/04/18/la-dirigencia-agropecuaria-reclamo-bajar-la-presion-impositiva-y-ayudar-a-los-afectados-por-la-sequia/,daniel+pelegrina,1,20180418,20180418
chiesa,https://www.infobae.com/campo/2018/04/18/la-dirigencia-agropecuaria-reclamo-bajar-la-presion-impositiva-y-ayudar-a-los-afectados-por-la-sequia/,daniel+pelegrina,1,20180418,20180418
sociedad,https://www.infobae.com/campo/2018/04/18/la-dirigencia-agropecuaria-reclamo-bajar-la-presion-impositiva-y-ayudar-a-los-afectados-por-la-sequia/,daniel+pelegrina,1,20180418,20180418
rural,https://www.infobae.com/campo/2018/04/18/la-dirigencia-agropecuaria-reclamo-bajar-la-presion-impositiva-y-ayudar-a-los-afectados-por-la-sequia/,daniel+pelegrina,1,20180418,20180418
argentina,https://www.infobae.com/campo/2018/04/18/la-dirigencia-agropecuaria-reclamo-bajar-la-presion-impositiva-y-ayudar-a-los-afectados-por-la-sequia/,daniel+pelegrina,1,20180418,20180418
daniel,https://www.infobae.com/campo/2018/04/18/la-dirigencia-agropecuaria-reclamo-bajar-la-presion-impositiva-y-ayudar-a-los-afectados-por-la-sequia/,daniel+pelegrina,1,20180418,20180418
pelegrina,https://www.infobae.com/campo/2018/04/18/la-dirigencia-agropecuaria-reclamo-bajar-la-presion-impositiva-y-ayudar-a-los-afectados-por-la-sequia/,daniel+pelegrina,1,20180418,20180418
federacion,https://www.infobae.com/campo/2018/04/18/la-dirigencia-agropecuaria-reclamo-bajar-la-presion-impositiva-y-ayudar-a-los-afectados-por-la-sequia/,daniel+pelegrina,1,20180418,20180418
agraria,https://www.infobae.com/campo/2018/04/18/la-dirigencia-agropecuaria-reclamo-bajar-la-presion-impositiva-y-ayudar-a-los-afectados-por-la-sequia/,daniel+pelegrina,1,20180418,20180418
argentina,https://www.infobae.com/campo/2018/04/18/la-dirigencia-agropecuaria-reclamo-bajar-la-presion-impositiva-y-ayudar-a-los-afectados-por-la-sequia/,daniel+pelegrina,1,20180418,20180418
omar,https://www.infobae.com/campo/2018/04/18/la-dirigencia-agropecuaria-reclamo-bajar-la-presion-impositiva-y-ayudar-a-los-afectados-por-la-sequia/,daniel+pelegrina,1,20180418,20180418
principe,https://www.infobae.com/campo/2018/04/18/la-dirigencia-agropecuaria-reclamo-bajar-la-presion-impositiva-y-ayudar-a-los-afectados-por-la-sequia/,daniel+pelegrina,1,20180418,20180418
confederacion,https://www.infobae.com/campo/2018/04/18/la-dirigencia-agropecuaria-reclamo-bajar-la-presion-impositiva-y-ayudar-a-los-afectados-por-la-sequia/,daniel+pelegrina,1,20180418,20180418
intercooperativa,https://www.infobae.com/campo/2018/04/18/la-dirigencia-agropecuaria-reclamo-bajar-la-presion-impositiva-y-ayudar-a-los-afectados-por-la-sequia/,daniel+pelegrina,1,20180418,20180418
agropecuaria,https://www.infobae.com/campo/2018/04/18/la-dirigencia-agropecuaria-reclamo-bajar-la-presion-impositiva-y-ayudar-a-los-afectados-por-la-sequia/,daniel+pelegrina,1,20180418,20180418
coninagro,https://www.infobae.com/campo/2018/04/18/la-dirigencia-agropecuaria-reclamo-bajar-la-presion-impositiva-y-ayudar-a-los-afectados-por-la-sequia/,daniel+pelegrina,1,20180418,20180418
carlos,https://www.infobae.com/campo/2018/04/18/la-dirigencia-agropecuaria-reclamo-bajar-la-presion-impositiva-y-ayudar-a-los-afectados-por-la-sequia/,daniel+pelegrina,1,20180418,20180418
iannizzotto,https://www.infobae.com/campo/2018/04/18/la-dirigencia-agropecuaria-reclamo-bajar-la-presion-impositiva-y-ayudar-a-los-afectados-por-la-sequia/,daniel+pelegrina,1,20180418,20180418
etchevehere,https://www.infobae.com/campo/2018/04/18/la-dirigencia-agropecuaria-reclamo-bajar-la-presion-impositiva-y-ayudar-a-los-afectados-por-la-sequia/,daniel+pelegrina,1,20180418,20180418
estuvo,https://www.infobae.com/campo/2018/04/18/la-dirigencia-agropecuaria-reclamo-bajar-la-presion-impositiva-y-ayudar-a-los-afectados-por-la-sequia/,daniel+pelegrina,1,20180418,20180418
acompanado,https://www.infobae.com/campo/2018/04/18/la-dirigencia-agropecuaria-reclamo-bajar-la-presion-impositiva-y-ayudar-a-los-afectados-por-la-sequia/,daniel+pelegrina,1,20180418,20180418
jefe,https://www.infobae.com/campo/2018/04/18/la-dirigencia-agropecuaria-reclamo-bajar-la-presion-impositiva-y-ayudar-a-los-afectados-por-la-sequia/,daniel+pelegrina,1,20180418,20180418
gabinete,https://www.infobae.com/campo/2018/04/18/la-dirigencia-agropecuaria-reclamo-bajar-la-presion-impositiva-y-ayudar-a-los-afectados-por-la-sequia/,daniel+pelegrina,1,20180418,20180418
santiago,https://www.infobae.com/campo/2018/04/18/la-dirigencia-agropecuaria-reclamo-bajar-la-presion-impositiva-y-ayudar-a-los-afectados-por-la-sequia/,daniel+pelegrina,1,20180418,20180418
solar,https://www.infobae.com/campo/2018/04/18/la-dirigencia-agropecuaria-reclamo-bajar-la-presion-impositiva-y-ayudar-a-los-afectados-por-la-sequia/,daniel+pelegrina,1,20180418,20180418
segun,https://www.infobae.com/campo/2018/04/18/la-dirigencia-agropecuaria-reclamo-bajar-la-presion-impositiva-y-ayudar-a-los-afectados-por-la-sequia/,daniel+pelegrina,1,20180418,20180418
pudo,https://www.infobae.com/campo/2018/04/18/la-dirigencia-agropecuaria-reclamo-bajar-la-presion-impositiva-y-ayudar-a-los-afectados-por-la-sequia/,daniel+pelegrina,1,20180418,20180418
reconstruir,https://www.infobae.com/campo/2018/04/18/la-dirigencia-agropecuaria-reclamo-bajar-la-presion-impositiva-y-ayudar-a-los-afectados-por-la-sequia/,daniel+pelegrina,1,20180418,20180418
este,https://www.infobae.com/campo/2018/04/18/la-dirigencia-agropecuaria-reclamo-bajar-la-presion-impositiva-y-ayudar-a-los-afectados-por-la-sequia/,daniel+pelegrina,1,20180418,20180418
medio,https://www.infobae.com/campo/2018/04/18/la-dirigencia-agropecuaria-reclamo-bajar-la-presion-impositiva-y-ayudar-a-los-afectados-por-la-sequia/,daniel+pelegrina,1,20180418,20180418
reunion,https://www.infobae.com/campo/2018/04/18/la-dirigencia-agropecuaria-reclamo-bajar-la-presion-impositiva-y-ayudar-a-los-afectados-por-la-sequia/,daniel+pelegrina,1,20180418,20180418
realizo,https://www.infobae.com/campo/2018/04/18/la-dirigencia-agropecuaria-reclamo-bajar-la-presion-impositiva-y-ayudar-a-los-afectados-por-la-sequia/,daniel+pelegrina,1,20180418,20180418
repaso,https://www.infobae.com/campo/2018/04/18/la-dirigencia-agropecuaria-reclamo-bajar-la-presion-impositiva-y-ayudar-a-los-afectados-por-la-sequia/,daniel+pelegrina,1,20180418,20180418
agenda,https://www.infobae.com/campo/2018/04/18/la-dirigencia-agropecuaria-reclamo-bajar-la-presion-impositiva-y-ayudar-a-los-afectados-por-la-sequia/,daniel+pelegrina,1,20180418,20180418
temas,https://www.infobae.com/campo/2018/04/18/la-dirigencia-agropecuaria-reclamo-bajar-la-presion-impositiva-y-ayudar-a-los-afectados-por-la-sequia/,daniel+pelegrina,1,20180418,20180418
marcando,https://www.infobae.com/campo/2018/04/18/la-dirigencia-agropecuaria-reclamo-bajar-la-presion-impositiva-y-ayudar-a-los-afectados-por-la-sequia/,daniel+pelegrina,1,20180418,20180418
puntos,https://www.infobae.com/campo/2018/04/18/la-dirigencia-agropecuaria-reclamo-bajar-la-presion-impositiva-y-ayudar-a-los-afectados-por-la-sequia/,daniel+pelegrina,1,20180418,20180418
mejorar,https://www.infobae.com/campo/2018/04/18/la-dirigencia-agropecuaria-reclamo-bajar-la-presion-impositiva-y-ayudar-a-los-afectados-por-la-sequia/,daniel+pelegrina,1,20180418,20180418
parte,https://www.infobae.com/campo/2018/04/18/la-dirigencia-agropecuaria-reclamo-bajar-la-presion-impositiva-y-ayudar-a-los-afectados-por-la-sequia/,daniel+pelegrina,1,20180418,20180418
dirigencia,https://www.infobae.com/campo/2018/04/18/la-dirigencia-agropecuaria-reclamo-bajar-la-presion-impositiva-y-ayudar-a-los-afectados-por-la-sequia/,daniel+pelegrina,1,20180418,20180418
hubo,https://www.infobae.com/campo/2018/04/18/la-dirigencia-agropecuaria-reclamo-bajar-la-presion-impositiva-y-ayudar-a-los-afectados-por-la-sequia/,daniel+pelegrina,1,20180418,20180418
fuerte,https://www.infobae.com/campo/2018/04/18/la-dirigencia-agropecuaria-reclamo-bajar-la-presion-impositiva-y-ayudar-a-los-afectados-por-la-sequia/,daniel+pelegrina,1,20180418,20180418
pedido,https://www.infobae.com/campo/2018/04/18/la-dirigencia-agropecuaria-reclamo-bajar-la-presion-impositiva-y-ayudar-a-los-afectados-por-la-sequia/,daniel+pelegrina,1,20180418,20180418
bajar,https://www.infobae.com/campo/2018/04/18/la-dirigencia-agropecuaria-reclamo-bajar-la-presion-impositiva-y-ayudar-a-los-afectados-por-la-sequia/,daniel+pelegrina,1,20180418,20180418
presion,https://www.infobae.com/campo/2018/04/18/la-dirigencia-agropecuaria-reclamo-bajar-la-presion-impositiva-y-ayudar-a-los-afectados-por-la-sequia/,daniel+pelegrina,1,20180418,20180418
impositiva,https://www.infobae.com/campo/2018/04/18/la-dirigencia-agropecuaria-reclamo-bajar-la-presion-impositiva-y-ayudar-a-los-afectados-por-la-sequia/,daniel+pelegrina,1,20180418,20180418
acelerar,https://www.infobae.com/campo/2018/04/18/la-dirigencia-agropecuaria-reclamo-bajar-la-presion-impositiva-y-ayudar-a-los-afectados-por-la-sequia/,daniel+pelegrina,1,20180418,20180418
ayuda,https://www.infobae.com/campo/2018/04/18/la-dirigencia-agropecuaria-reclamo-bajar-la-presion-impositiva-y-ayudar-a-los-afectados-por-la-sequia/,daniel+pelegrina,1,20180418,20180418
productores,https://www.infobae.com/campo/2018/04/18/la-dirigencia-agropecuaria-reclamo-bajar-la-presion-impositiva-y-ayudar-a-los-afectados-por-la-sequia/,daniel+pelegrina,1,20180418,20180418
complicado,https://www.infobae.com/campo/2018/04/18/la-dirigencia-agropecuaria-reclamo-bajar-la-presion-impositiva-y-ayudar-a-los-afectados-por-la-sequia/,daniel+pelegrina,1,20180418,20180418
sequia,https://www.infobae.com/campo/2018/04/18/la-dirigencia-agropecuaria-reclamo-bajar-la-presion-impositiva-y-ayudar-a-los-afectados-por-la-sequia/,daniel+pelegrina,1,20180418,20180418
preocupacion,https://www.infobae.com/campo/2018/04/18/la-dirigencia-agropecuaria-reclamo-bajar-la-presion-impositiva-y-ayudar-a-los-afectados-por-la-sequia/,daniel+pelegrina,1,20180418,20180418
elevada,https://www.infobae.com/campo/2018/04/18/la-dirigencia-agropecuaria-reclamo-bajar-la-presion-impositiva-y-ayudar-a-los-afectados-por-la-sequia/,daniel+pelegrina,1,20180418,20180418
presion,https://www.infobae.com/campo/2018/04/18/la-dirigencia-agropecuaria-reclamo-bajar-la-presion-impositiva-y-ayudar-a-los-afectados-por-la-sequia/,daniel+pelegrina,1,20180418,20180418
impositiva,https://www.infobae.com/campo/2018/04/18/la-dirigencia-agropecuaria-reclamo-bajar-la-presion-impositiva-y-ayudar-a-los-afectados-por-la-sequia/,daniel+pelegrina,1,20180418,20180418
comento,https://www.infobae.com/campo/2018/04/18/la-dirigencia-agropecuaria-reclamo-bajar-la-presion-impositiva-y-ayudar-a-los-afectados-por-la-sequia/,daniel+pelegrina,1,20180418,20180418
infobae,https://www.infobae.com/campo/2018/04/18/la-dirigencia-agropecuaria-reclamo-bajar-la-presion-impositiva-y-ayudar-a-los-afectados-por-la-sequia/,daniel+pelegrina,1,20180418,20180418
daniel,https://www.infobae.com/campo/2018/04/18/la-dirigencia-agropecuaria-reclamo-bajar-la-presion-impositiva-y-ayudar-a-los-afectados-por-la-sequia/,daniel+pelegrina,1,20180418,20180418
pelegrina,https://www.infobae.com/campo/2018/04/18/la-dirigencia-agropecuaria-reclamo-bajar-la-presion-impositiva-y-ayudar-a-los-afectados-por-la-sequia/,daniel+pelegrina,1,20180418,20180418
presidente,https://www.infobae.com/campo/2018/04/18/la-dirigencia-agropecuaria-reclamo-bajar-la-presion-impositiva-y-ayudar-a-los-afectados-por-la-sequia/,daniel+pelegrina,1,20180418,20180418
sociedad,https://www.infobae.com/campo/2018/04/18/la-dirigencia-agropecuaria-reclamo-bajar-la-presion-impositiva-y-ayudar-a-los-afectados-por-la-sequia/,daniel+pelegrina,1,20180418,20180418
rural,https://www.infobae.com/campo/2018/04/18/la-dirigencia-agropecuaria-reclamo-bajar-la-presion-impositiva-y-ayudar-a-los-afectados-por-la-sequia/,daniel+pelegrina,1,20180418,20180418
argentina,https://www.infobae.com/campo/2018/04/18/la-dirigencia-agropecuaria-reclamo-bajar-la-presion-impositiva-y-ayudar-a-los-afectados-por-la-sequia/,daniel+pelegrina,1,20180418,20180418
quien,https://www.infobae.com/campo/2018/04/18/la-dirigencia-agropecuaria-reclamo-bajar-la-presion-impositiva-y-ayudar-a-los-afectados-por-la-sequia/,daniel+pelegrina,1,20180418,20180418
agrego,https://www.infobae.com/campo/2018/04/18/la-dirigencia-agropecuaria-reclamo-bajar-la-presion-impositiva-y-ayudar-a-los-afectados-por-la-sequia/,daniel+pelegrina,1,20180418,20180418
datos,https://www.infobae.com/campo/2018/04/18/la-dirigencia-agropecuaria-reclamo-bajar-la-presion-impositiva-y-ayudar-a-los-afectados-por-la-sequia/,daniel+pelegrina,1,20180418,20180418
muestran,https://www.infobae.com/campo/2018/04/18/la-dirigencia-agropecuaria-reclamo-bajar-la-presion-impositiva-y-ayudar-a-los-afectados-por-la-sequia/,daniel+pelegrina,1,20180418,20180418
campo,https://www.infobae.com/campo/2018/04/18/la-dirigencia-agropecuaria-reclamo-bajar-la-presion-impositiva-y-ayudar-a-los-afectados-por-la-sequia/,daniel+pelegrina,1,20180418,20180418
esta,https://www.infobae.com/campo/2018/04/18/la-dirigencia-agropecuaria-reclamo-bajar-la-presion-impositiva-y-ayudar-a-los-afectados-por-la-sequia/,daniel+pelegrina,1,20180418,20180418
pagando,https://www.infobae.com/campo/2018/04/18/la-dirigencia-agropecuaria-reclamo-bajar-la-presion-impositiva-y-ayudar-a-los-afectados-por-la-sequia/,daniel+pelegrina,1,20180418,20180418
impuestos,https://www.infobae.com/campo/2018/04/18/la-dirigencia-agropecuaria-reclamo-bajar-la-presion-impositiva-y-ayudar-a-los-afectados-por-la-sequia/,daniel+pelegrina,1,20180418,20180418
antes,https://www.infobae.com/campo/2018/04/18/la-dirigencia-agropecuaria-reclamo-bajar-la-presion-impositiva-y-ayudar-a-los-afectados-por-la-sequia/,daniel+pelegrina,1,20180418,20180418
reforma,https://www.infobae.com/campo/2018/04/18/la-dirigencia-agropecuaria-reclamo-bajar-la-presion-impositiva-y-ayudar-a-los-afectados-por-la-sequia/,daniel+pelegrina,1,20180418,20180418
impositiva,https://www.infobae.com/campo/2018/04/18/la-dirigencia-agropecuaria-reclamo-bajar-la-presion-impositiva-y-ayudar-a-los-afectados-por-la-sequia/,daniel+pelegrina,1,20180418,20180418
impulso,https://www.infobae.com/campo/2018/04/18/la-dirigencia-agropecuaria-reclamo-bajar-la-presion-impositiva-y-ayudar-a-los-afectados-por-la-sequia/,daniel+pelegrina,1,20180418,20180418
gobierno,https://www.infobae.com/campo/2018/04/18/la-dirigencia-agropecuaria-reclamo-bajar-la-presion-impositiva-y-ayudar-a-los-afectados-por-la-sequia/,daniel+pelegrina,1,20180418,20180418
actual,https://www.infobae.com/campo/2018/04/18/la-dirigencia-agropecuaria-reclamo-bajar-la-presion-impositiva-y-ayudar-a-los-afectados-por-la-sequia/,daniel+pelegrina,1,20180418,20180418
fines,https://www.infobae.com/campo/2018/04/18/la-dirigencia-agropecuaria-reclamo-bajar-la-presion-impositiva-y-ayudar-a-los-afectados-por-la-sequia/,daniel+pelegrina,1,20180418,20180418
pasado,https://www.infobae.com/campo/2018/04/18/la-dirigencia-agropecuaria-reclamo-bajar-la-presion-impositiva-y-ayudar-a-los-afectados-por-la-sequia/,daniel+pelegrina,1,20180418,20180418
proximas,https://www.infobae.com/campo/2018/04/18/la-dirigencia-agropecuaria-reclamo-bajar-la-presion-impositiva-y-ayudar-a-los-afectados-por-la-sequia/,daniel+pelegrina,1,20180418,20180418
horas,https://www.infobae.com/campo/2018/04/18/la-dirigencia-agropecuaria-reclamo-bajar-la-presion-impositiva-y-ayudar-a-los-afectados-por-la-sequia/,daniel+pelegrina,1,20180418,20180418
dirigencia,https://www.infobae.com/campo/2018/04/18/la-dirigencia-agropecuaria-reclamo-bajar-la-presion-impositiva-y-ayudar-a-los-afectados-por-la-sequia/,daniel+pelegrina,1,20180418,20180418
agropecuaria,https://www.infobae.com/campo/2018/04/18/la-dirigencia-agropecuaria-reclamo-bajar-la-presion-impositiva-y-ayudar-a-los-afectados-por-la-sequia/,daniel+pelegrina,1,20180418,20180418
estara,https://www.infobae.com/campo/2018/04/18/la-dirigencia-agropecuaria-reclamo-bajar-la-presion-impositiva-y-ayudar-a-los-afectados-por-la-sequia/,daniel+pelegrina,1,20180418,20180418
enviando,https://www.infobae.com/campo/2018/04/18/la-dirigencia-agropecuaria-reclamo-bajar-la-presion-impositiva-y-ayudar-a-los-afectados-por-la-sequia/,daniel+pelegrina,1,20180418,20180418
carta,https://www.infobae.com/campo/2018/04/18/la-dirigencia-agropecuaria-reclamo-bajar-la-presion-impositiva-y-ayudar-a-los-afectados-por-la-sequia/,daniel+pelegrina,1,20180418,20180418
ministro,https://www.infobae.com/campo/2018/04/18/la-dirigencia-agropecuaria-reclamo-bajar-la-presion-impositiva-y-ayudar-a-los-afectados-por-la-sequia/,daniel+pelegrina,1,20180418,20180418
trabajo,https://www.infobae.com/campo/2018/04/18/la-dirigencia-agropecuaria-reclamo-bajar-la-presion-impositiva-y-ayudar-a-los-afectados-por-la-sequia/,daniel+pelegrina,1,20180418,20180418
jorge,https://www.infobae.com/campo/2018/04/18/la-dirigencia-agropecuaria-reclamo-bajar-la-presion-impositiva-y-ayudar-a-los-afectados-por-la-sequia/,daniel+pelegrina,1,20180418,20180418
triaca,https://www.infobae.com/campo/2018/04/18/la-dirigencia-agropecuaria-reclamo-bajar-la-presion-impositiva-y-ayudar-a-los-afectados-por-la-sequia/,daniel+pelegrina,1,20180418,20180418
mediante,https://www.infobae.com/campo/2018/04/18/la-dirigencia-agropecuaria-reclamo-bajar-la-presion-impositiva-y-ayudar-a-los-afectados-por-la-sequia/,daniel+pelegrina,1,20180418,20180418
cual,https://www.infobae.com/campo/2018/04/18/la-dirigencia-agropecuaria-reclamo-bajar-la-presion-impositiva-y-ayudar-a-los-afectados-por-la-sequia/,daniel+pelegrina,1,20180418,20180418
recomendara,https://www.infobae.com/campo/2018/04/18/la-dirigencia-agropecuaria-reclamo-bajar-la-presion-impositiva-y-ayudar-a-los-afectados-por-la-sequia/,daniel+pelegrina,1,20180418,20180418
acelerar,https://www.infobae.com/campo/2018/04/18/la-dirigencia-agropecuaria-reclamo-bajar-la-presion-impositiva-y-ayudar-a-los-afectados-por-la-sequia/,daniel+pelegrina,1,20180418,20180418
desgravacion,https://www.infobae.com/campo/2018/04/18/la-dirigencia-agropecuaria-reclamo-bajar-la-presion-impositiva-y-ayudar-a-los-afectados-por-la-sequia/,daniel+pelegrina,1,20180418,20180418
minimo,https://www.infobae.com/campo/2018/04/18/la-dirigencia-agropecuaria-reclamo-bajar-la-presion-impositiva-y-ayudar-a-los-afectados-por-la-sequia/,daniel+pelegrina,1,20180418,20180418
imponible,https://www.infobae.com/campo/2018/04/18/la-dirigencia-agropecuaria-reclamo-bajar-la-presion-impositiva-y-ayudar-a-los-afectados-por-la-sequia/,daniel+pelegrina,1,20180418,20180418
contribuciones,https://www.infobae.com/campo/2018/04/18/la-dirigencia-agropecuaria-reclamo-bajar-la-presion-impositiva-y-ayudar-a-los-afectados-por-la-sequia/,daniel+pelegrina,1,20180418,20180418
patronales,https://www.infobae.com/campo/2018/04/18/la-dirigencia-agropecuaria-reclamo-bajar-la-presion-impositiva-y-ayudar-a-los-afectados-por-la-sequia/,daniel+pelegrina,1,20180418,20180418
para,https://www.infobae.com/campo/2018/04/18/la-dirigencia-agropecuaria-reclamo-bajar-la-presion-impositiva-y-ayudar-a-los-afectados-por-la-sequia/,daniel+pelegrina,1,20180418,20180418
economias,https://www.infobae.com/campo/2018/04/18/la-dirigencia-agropecuaria-reclamo-bajar-la-presion-impositiva-y-ayudar-a-los-afectados-por-la-sequia/,daniel+pelegrina,1,20180418,20180418
regionales,https://www.infobae.com/campo/2018/04/18/la-dirigencia-agropecuaria-reclamo-bajar-la-presion-impositiva-y-ayudar-a-los-afectados-por-la-sequia/,daniel+pelegrina,1,20180418,20180418
presidentes,https://www.clarin.com/rural/remato-primer-lote-soja-campana-37-millones-toneladas_0_Syt41Or2G.html,daniel+pelegrina,1,20180418,20180418
cuatro,https://www.clarin.com/rural/remato-primer-lote-soja-campana-37-millones-toneladas_0_Syt41Or2G.html,daniel+pelegrina,1,20180418,20180418
entidades,https://www.clarin.com/rural/remato-primer-lote-soja-campana-37-millones-toneladas_0_Syt41Or2G.html,daniel+pelegrina,1,20180418,20180418
campo,https://www.clarin.com/rural/remato-primer-lote-soja-campana-37-millones-toneladas_0_Syt41Or2G.html,daniel+pelegrina,1,20180418,20180418
finalizada,https://www.clarin.com/rural/remato-primer-lote-soja-campana-37-millones-toneladas_0_Syt41Or2G.html,daniel+pelegrina,1,20180418,20180418
subaste,https://www.clarin.com/rural/remato-primer-lote-soja-campana-37-millones-toneladas_0_Syt41Or2G.html,daniel+pelegrina,1,20180418,20180418
autoridades,https://www.clarin.com/rural/remato-primer-lote-soja-campana-37-millones-toneladas_0_Syt41Or2G.html,daniel+pelegrina,1,20180418,20180418
bolsa,https://www.clarin.com/rural/remato-primer-lote-soja-campana-37-millones-toneladas_0_Syt41Or2G.html,daniel+pelegrina,1,20180418,20180418
encabezaron,https://www.clarin.com/rural/remato-primer-lote-soja-campana-37-millones-toneladas_0_Syt41Or2G.html,daniel+pelegrina,1,20180418,20180418
acto,https://www.clarin.com/rural/remato-primer-lote-soja-campana-37-millones-toneladas_0_Syt41Or2G.html,daniel+pelegrina,1,20180418,20180418
homenaje,https://www.clarin.com/rural/remato-primer-lote-soja-campana-37-millones-toneladas_0_Syt41Or2G.html,daniel+pelegrina,1,20180418,20180418
reconocimiento,https://www.clarin.com/rural/remato-primer-lote-soja-campana-37-millones-toneladas_0_Syt41Or2G.html,daniel+pelegrina,1,20180418,20180418
mesa,https://www.clarin.com/rural/remato-primer-lote-soja-campana-37-millones-toneladas_0_Syt41Or2G.html,daniel+pelegrina,1,20180418,20180418
enlace,https://www.clarin.com/rural/remato-primer-lote-soja-campana-37-millones-toneladas_0_Syt41Or2G.html,daniel+pelegrina,1,20180418,20180418
anos,https://www.clarin.com/rural/remato-primer-lote-soja-campana-37-millones-toneladas_0_Syt41Or2G.html,daniel+pelegrina,1,20180418,20180418
conflicto,https://www.clarin.com/rural/remato-primer-lote-soja-campana-37-millones-toneladas_0_Syt41Or2G.html,daniel+pelegrina,1,20180418,20180418
resolucion,https://www.clarin.com/rural/remato-primer-lote-soja-campana-37-millones-toneladas_0_Syt41Or2G.html,daniel+pelegrina,1,20180418,20180418
retenciones,https://www.clarin.com/rural/remato-primer-lote-soja-campana-37-millones-toneladas_0_Syt41Or2G.html,daniel+pelegrina,1,20180418,20180418
moviles,https://www.clarin.com/rural/remato-primer-lote-soja-campana-37-millones-toneladas_0_Syt41Or2G.html,daniel+pelegrina,1,20180418,20180418
estuvieron,https://www.clarin.com/rural/remato-primer-lote-soja-campana-37-millones-toneladas_0_Syt41Or2G.html,daniel+pelegrina,1,20180418,20180418
presentes,https://www.clarin.com/rural/remato-primer-lote-soja-campana-37-millones-toneladas_0_Syt41Or2G.html,daniel+pelegrina,1,20180418,20180418
todos,https://www.clarin.com/rural/remato-primer-lote-soja-campana-37-millones-toneladas_0_Syt41Or2G.html,daniel+pelegrina,1,20180418,20180418
integrantes,https://www.clarin.com/rural/remato-primer-lote-soja-campana-37-millones-toneladas_0_Syt41Or2G.html,daniel+pelegrina,1,20180418,20180418
eduardo,https://www.clarin.com/rural/remato-primer-lote-soja-campana-37-millones-toneladas_0_Syt41Or2G.html,daniel+pelegrina,1,20180418,20180418
buzzi,https://www.clarin.com/rural/remato-primer-lote-soja-campana-37-millones-toneladas_0_Syt41Or2G.html,daniel+pelegrina,1,20180418,20180418
federacion,https://www.clarin.com/rural/remato-primer-lote-soja-campana-37-millones-toneladas_0_Syt41Or2G.html,daniel+pelegrina,1,20180418,20180418
agraria,https://www.clarin.com/rural/remato-primer-lote-soja-campana-37-millones-toneladas_0_Syt41Or2G.html,daniel+pelegrina,1,20180418,20180418
mario,https://www.clarin.com/rural/remato-primer-lote-soja-campana-37-millones-toneladas_0_Syt41Or2G.html,daniel+pelegrina,1,20180418,20180418
llambias,https://www.clarin.com/rural/remato-primer-lote-soja-campana-37-millones-toneladas_0_Syt41Or2G.html,daniel+pelegrina,1,20180418,20180418
luciano,https://www.clarin.com/rural/remato-primer-lote-soja-campana-37-millones-toneladas_0_Syt41Or2G.html,daniel+pelegrina,1,20180418,20180418
miguens,https://www.clarin.com/rural/remato-primer-lote-soja-campana-37-millones-toneladas_0_Syt41Or2G.html,daniel+pelegrina,1,20180418,20180418
hugo,https://www.clarin.com/rural/remato-primer-lote-soja-campana-37-millones-toneladas_0_Syt41Or2G.html,daniel+pelegrina,1,20180418,20180418
luis,https://www.clarin.com/rural/remato-primer-lote-soja-campana-37-millones-toneladas_0_Syt41Or2G.html,daniel+pelegrina,1,20180418,20180418
biolcati,https://www.clarin.com/rural/remato-primer-lote-soja-campana-37-millones-toneladas_0_Syt41Or2G.html,daniel+pelegrina,1,20180418,20180418
carlos,https://www.clarin.com/rural/remato-primer-lote-soja-campana-37-millones-toneladas_0_Syt41Or2G.html,daniel+pelegrina,1,20180418,20180418
garetto,https://www.clarin.com/rural/remato-primer-lote-soja-campana-37-millones-toneladas_0_Syt41Or2G.html,daniel+pelegrina,1,20180418,20180418
coninagro,https://www.clarin.com/rural/remato-primer-lote-soja-campana-37-millones-toneladas_0_Syt41Or2G.html,daniel+pelegrina,1,20180418,20180418
junto,https://www.clarin.com/rural/remato-primer-lote-soja-campana-37-millones-toneladas_0_Syt41Or2G.html,daniel+pelegrina,1,20180418,20180418
actual,https://www.clarin.com/rural/remato-primer-lote-soja-campana-37-millones-toneladas_0_Syt41Or2G.html,daniel+pelegrina,1,20180418,20180418
presidente,https://www.clarin.com/rural/remato-primer-lote-soja-campana-37-millones-toneladas_0_Syt41Or2G.html,daniel+pelegrina,1,20180418,20180418
sociedad,https://www.clarin.com/rural/remato-primer-lote-soja-campana-37-millones-toneladas_0_Syt41Or2G.html,daniel+pelegrina,1,20180418,20180418
rural,https://www.clarin.com/rural/remato-primer-lote-soja-campana-37-millones-toneladas_0_Syt41Or2G.html,daniel+pelegrina,1,20180418,20180418
argentina,https://www.clarin.com/rural/remato-primer-lote-soja-campana-37-millones-toneladas_0_Syt41Or2G.html,daniel+pelegrina,1,20180418,20180418
daniel,https://www.clarin.com/rural/remato-primer-lote-soja-campana-37-millones-toneladas_0_Syt41Or2G.html,daniel+pelegrina,1,20180418,20180418
pelegrina,https://www.clarin.com/rural/remato-primer-lote-soja-campana-37-millones-toneladas_0_Syt41Or2G.html,daniel+pelegrina,1,20180418,20180418
puede,https://www.clarin.com/rural/remato-primer-lote-soja-campana-37-millones-toneladas_0_Syt41Or2G.html,daniel+pelegrina,1,20180418,20180418
interesar,https://www.clarin.com/rural/remato-primer-lote-soja-campana-37-millones-toneladas_0_Syt41Or2G.html,daniel+pelegrina,1,20180418,20180418
comentarios,https://www.clarin.com/rural/remato-primer-lote-soja-campana-37-millones-toneladas_0_Syt41Or2G.html,daniel+pelegrina,1,20180418,20180418
clarin,https://www.clarin.com/rural/remato-primer-lote-soja-campana-37-millones-toneladas_0_Syt41Or2G.html,daniel+pelegrina,1,20180418,20180418
para,https://www.clarin.com/rural/remato-primer-lote-soja-campana-37-millones-toneladas_0_Syt41Or2G.html,daniel+pelegrina,1,20180418,20180418
comentar,https://www.clarin.com/rural/remato-primer-lote-soja-campana-37-millones-toneladas_0_Syt41Or2G.html,daniel+pelegrina,1,20180418,20180418
activa,https://www.clarin.com/rural/remato-primer-lote-soja-campana-37-millones-toneladas_0_Syt41Or2G.html,daniel+pelegrina,1,20180418,20180418
cuenta,https://www.clarin.com/rural/remato-primer-lote-soja-campana-37-millones-toneladas_0_Syt41Or2G.html,daniel+pelegrina,1,20180418,20180418
desde,https://www.clarin.com/rural/remato-primer-lote-soja-campana-37-millones-toneladas_0_Syt41Or2G.html,daniel+pelegrina,1,20180418,20180418
mail,https://www.clarin.com/rural/remato-primer-lote-soja-campana-37-millones-toneladas_0_Syt41Or2G.html,daniel+pelegrina,1,20180418,20180418
enviamos,https://www.clarin.com/rural/remato-primer-lote-soja-campana-37-millones-toneladas_0_Syt41Or2G.html,daniel+pelegrina,1,20180418,20180418
casilla,https://www.clarin.com/rural/remato-primer-lote-soja-campana-37-millones-toneladas_0_Syt41Or2G.html,daniel+pelegrina,1,20180418,20180418
correo,https://www.clarin.com/rural/remato-primer-lote-soja-campana-37-millones-toneladas_0_Syt41Or2G.html,daniel+pelegrina,1,20180418,20180418
aceptar,https://www.clarin.com/rural/remato-primer-lote-soja-campana-37-millones-toneladas_0_Syt41Or2G.html,daniel+pelegrina,1,20180418,20180418
clarin,https://www.clarin.com/rural/remato-primer-lote-soja-campana-37-millones-toneladas_0_Syt41Or2G.html,daniel+pelegrina,1,20180418,20180418
terminos,https://www.clarin.com/rural/remato-primer-lote-soja-campana-37-millones-toneladas_0_Syt41Or2G.html,daniel+pelegrina,1,20180418,20180418
condiciones,https://www.clarin.com/rural/remato-primer-lote-soja-campana-37-millones-toneladas_0_Syt41Or2G.html,daniel+pelegrina,1,20180418,20180418
politica,https://www.clarin.com/rural/remato-primer-lote-soja-campana-37-millones-toneladas_0_Syt41Or2G.html,daniel+pelegrina,1,20180418,20180418
proteccion,https://www.clarin.com/rural/remato-primer-lote-soja-campana-37-millones-toneladas_0_Syt41Or2G.html,daniel+pelegrina,1,20180418,20180418
datos,https://www.clarin.com/rural/remato-primer-lote-soja-campana-37-millones-toneladas_0_Syt41Or2G.html,daniel+pelegrina,1,20180418,20180418
personales,https://www.clarin.com/rural/remato-primer-lote-soja-campana-37-millones-toneladas_0_Syt41Or2G.html,daniel+pelegrina,1,20180418,20180418
normas,https://www.clarin.com/rural/remato-primer-lote-soja-campana-37-millones-toneladas_0_Syt41Or2G.html,daniel+pelegrina,1,20180418,20180418
confidencialidad,https://www.clarin.com/rural/remato-primer-lote-soja-campana-37-millones-toneladas_0_Syt41Or2G.html,daniel+pelegrina,1,20180418,20180418
privacidad,https://www.clarin.com/rural/remato-primer-lote-soja-campana-37-millones-toneladas_0_Syt41Or2G.html,daniel+pelegrina,1,20180418,20180418
piedras,https://www.clarin.com/rural/remato-primer-lote-soja-campana-37-millones-toneladas_0_Syt41Or2G.html,daniel+pelegrina,1,20180418,20180418
argentina,https://www.clarin.com/rural/remato-primer-lote-soja-campana-37-millones-toneladas_0_Syt41Or2G.html,daniel+pelegrina,1,20180418,20180418
editor,https://www.clarin.com/rural/remato-primer-lote-soja-campana-37-millones-toneladas_0_Syt41Or2G.html,daniel+pelegrina,1,20180418,20180418
responsable,https://www.clarin.com/rural/remato-primer-lote-soja-campana-37-millones-toneladas_0_Syt41Or2G.html,daniel+pelegrina,1,20180418,20180418
ricardo,https://www.clarin.com/rural/remato-primer-lote-soja-campana-37-millones-toneladas_0_Syt41Or2G.html,daniel+pelegrina,1,20180418,20180418
kirschbaum,https://www.clarin.com/rural/remato-primer-lote-soja-campana-37-millones-toneladas_0_Syt41Or2G.html,daniel+pelegrina,1,20180418,20180418
registro,https://www.clarin.com/rural/remato-primer-lote-soja-campana-37-millones-toneladas_0_Syt41Or2G.html,daniel+pelegrina,1,20180418,20180418
propiedad,https://www.clarin.com/rural/remato-primer-lote-soja-campana-37-millones-toneladas_0_Syt41Or2G.html,daniel+pelegrina,1,20180418,20180418
intelectual,https://www.clarin.com/rural/remato-primer-lote-soja-campana-37-millones-toneladas_0_Syt41Or2G.html,daniel+pelegrina,1,20180418,20180418
edicion,https://www.clarin.com/rural/remato-primer-lote-soja-campana-37-millones-toneladas_0_Syt41Or2G.html,daniel+pelegrina,1,20180418,20180418
informacion,https://www.clarin.com/rural/remato-primer-lote-soja-campana-37-millones-toneladas_0_Syt41Or2G.html,daniel+pelegrina,1,20180418,20180418
fiscal,https://www.clarin.com/rural/remato-primer-lote-soja-campana-37-millones-toneladas_0_Syt41Or2G.html,daniel+pelegrina,1,20180418,20180418
agea,https://www.clarin.com/rural/remato-primer-lote-soja-campana-37-millones-toneladas_0_Syt41Or2G.html,daniel+pelegrina,1,20180418,20180418
digital,https://www.clarin.com/rural/remato-primer-lote-soja-campana-37-millones-toneladas_0_Syt41Or2G.html,daniel+pelegrina,1,20180418,20180418
enlace,https://www.lanacion.com.ar/2126686-tras-la-mayor-sequia-en-50-anos-cuales-son-las-provincias-que-estan-en-emergencia,daniel+pelegrina,1,20180418,20180418
ministro,https://www.lanacion.com.ar/2126686-tras-la-mayor-sequia-en-50-anos-cuales-son-las-provincias-que-estan-en-emergencia,daniel+pelegrina,1,20180418,20180418
agroindustria,https://www.lanacion.com.ar/2126686-tras-la-mayor-sequia-en-50-anos-cuales-son-las-provincias-que-estan-en-emergencia,daniel+pelegrina,1,20180418,20180418
luis,https://www.lanacion.com.ar/2126686-tras-la-mayor-sequia-en-50-anos-cuales-son-las-provincias-que-estan-en-emergencia,daniel+pelegrina,1,20180418,20180418
miguel,https://www.lanacion.com.ar/2126686-tras-la-mayor-sequia-en-50-anos-cuales-son-las-provincias-que-estan-en-emergencia,daniel+pelegrina,1,20180418,20180418
etchevehere,https://www.lanacion.com.ar/2126686-tras-la-mayor-sequia-en-50-anos-cuales-son-las-provincias-que-estan-en-emergencia,daniel+pelegrina,1,20180418,20180418
tema,https://www.lanacion.com.ar/2126686-tras-la-mayor-sequia-en-50-anos-cuales-son-las-provincias-que-estan-en-emergencia,daniel+pelegrina,1,20180418,20180418
sequia,https://www.lanacion.com.ar/2126686-tras-la-mayor-sequia-en-50-anos-cuales-son-las-provincias-que-estan-en-emergencia,daniel+pelegrina,1,20180418,20180418
estuvo,https://www.lanacion.com.ar/2126686-tras-la-mayor-sequia-en-50-anos-cuales-son-las-provincias-que-estan-en-emergencia,daniel+pelegrina,1,20180418,20180418
agenda,https://www.lanacion.com.ar/2126686-tras-la-mayor-sequia-en-50-anos-cuales-son-las-provincias-que-estan-en-emergencia,daniel+pelegrina,1,20180418,20180418
hubo,https://www.lanacion.com.ar/2126686-tras-la-mayor-sequia-en-50-anos-cuales-son-las-provincias-que-estan-en-emergencia,daniel+pelegrina,1,20180418,20180418
planteos,https://www.lanacion.com.ar/2126686-tras-la-mayor-sequia-en-50-anos-cuales-son-las-provincias-que-estan-en-emergencia,daniel+pelegrina,1,20180418,20180418
demoras,https://www.lanacion.com.ar/2126686-tras-la-mayor-sequia-en-50-anos-cuales-son-las-provincias-que-estan-en-emergencia,daniel+pelegrina,1,20180418,20180418
algunas,https://www.lanacion.com.ar/2126686-tras-la-mayor-sequia-en-50-anos-cuales-son-las-provincias-que-estan-en-emergencia,daniel+pelegrina,1,20180418,20180418
jurisdicciones,https://www.lanacion.com.ar/2126686-tras-la-mayor-sequia-en-50-anos-cuales-son-las-provincias-que-estan-en-emergencia,daniel+pelegrina,1,20180418,20180418
declarar,https://www.lanacion.com.ar/2126686-tras-la-mayor-sequia-en-50-anos-cuales-son-las-provincias-que-estan-en-emergencia,daniel+pelegrina,1,20180418,20180418
emergencia,https://www.lanacion.com.ar/2126686-tras-la-mayor-sequia-en-50-anos-cuales-son-las-provincias-que-estan-en-emergencia,daniel+pelegrina,1,20180418,20180418
sequia,https://www.lanacion.com.ar/2126686-tras-la-mayor-sequia-en-50-anos-cuales-son-las-provincias-que-estan-en-emergencia,daniel+pelegrina,1,20180418,20180418
hablo,https://www.lanacion.com.ar/2126686-tras-la-mayor-sequia-en-50-anos-cuales-son-las-provincias-que-estan-en-emergencia,daniel+pelegrina,1,20180418,20180418
tardanza,https://www.lanacion.com.ar/2126686-tras-la-mayor-sequia-en-50-anos-cuales-son-las-provincias-que-estan-en-emergencia,daniel+pelegrina,1,20180418,20180418
declaracion,https://www.lanacion.com.ar/2126686-tras-la-mayor-sequia-en-50-anos-cuales-son-las-provincias-que-estan-en-emergencia,daniel+pelegrina,1,20180418,20180418
emergencia,https://www.lanacion.com.ar/2126686-tras-la-mayor-sequia-en-50-anos-cuales-son-las-provincias-que-estan-en-emergencia,daniel+pelegrina,1,20180418,20180418
municipios,https://www.lanacion.com.ar/2126686-tras-la-mayor-sequia-en-50-anos-cuales-son-las-provincias-que-estan-en-emergencia,daniel+pelegrina,1,20180418,20180418
provincias,https://www.lanacion.com.ar/2126686-tras-la-mayor-sequia-en-50-anos-cuales-son-las-provincias-que-estan-en-emergencia,daniel+pelegrina,1,20180418,20180418
tambien,https://www.lanacion.com.ar/2126686-tras-la-mayor-sequia-en-50-anos-cuales-son-las-provincias-que-estan-en-emergencia,daniel+pelegrina,1,20180418,20180418
metodos,https://www.lanacion.com.ar/2126686-tras-la-mayor-sequia-en-50-anos-cuales-son-las-provincias-que-estan-en-emergencia,daniel+pelegrina,1,20180418,20180418
usan,https://www.lanacion.com.ar/2126686-tras-la-mayor-sequia-en-50-anos-cuales-son-las-provincias-que-estan-en-emergencia,daniel+pelegrina,1,20180418,20180418
para,https://www.lanacion.com.ar/2126686-tras-la-mayor-sequia-en-50-anos-cuales-son-las-provincias-que-estan-en-emergencia,daniel+pelegrina,1,20180418,20180418
evaluar,https://www.lanacion.com.ar/2126686-tras-la-mayor-sequia-en-50-anos-cuales-son-las-provincias-que-estan-en-emergencia,daniel+pelegrina,1,20180418,20180418
emergencia,https://www.lanacion.com.ar/2126686-tras-la-mayor-sequia-en-50-anos-cuales-son-las-provincias-que-estan-en-emergencia,daniel+pelegrina,1,20180418,20180418
queremos,https://www.lanacion.com.ar/2126686-tras-la-mayor-sequia-en-50-anos-cuales-son-las-provincias-que-estan-en-emergencia,daniel+pelegrina,1,20180418,20180418
tener,https://www.lanacion.com.ar/2126686-tras-la-mayor-sequia-en-50-anos-cuales-son-las-provincias-que-estan-en-emergencia,daniel+pelegrina,1,20180418,20180418
acceso,https://www.lanacion.com.ar/2126686-tras-la-mayor-sequia-en-50-anos-cuales-son-las-provincias-que-estan-en-emergencia,daniel+pelegrina,1,20180418,20180418
para,https://www.lanacion.com.ar/2126686-tras-la-mayor-sequia-en-50-anos-cuales-son-las-provincias-que-estan-en-emergencia,daniel+pelegrina,1,20180418,20180418
calibrar,https://www.lanacion.com.ar/2126686-tras-la-mayor-sequia-en-50-anos-cuales-son-las-provincias-que-estan-en-emergencia,daniel+pelegrina,1,20180418,20180418
metodo,https://www.lanacion.com.ar/2126686-tras-la-mayor-sequia-en-50-anos-cuales-son-las-provincias-que-estan-en-emergencia,daniel+pelegrina,1,20180418,20180418
evaluacion,https://www.lanacion.com.ar/2126686-tras-la-mayor-sequia-en-50-anos-cuales-son-las-provincias-que-estan-en-emergencia,daniel+pelegrina,1,20180418,20180418
ejemplo,https://www.lanacion.com.ar/2126686-tras-la-mayor-sequia-en-50-anos-cuales-son-las-provincias-que-estan-en-emergencia,daniel+pelegrina,1,20180418,20180418
presentacion,https://www.lanacion.com.ar/2126686-tras-la-mayor-sequia-en-50-anos-cuales-son-las-provincias-que-estan-en-emergencia,daniel+pelegrina,1,20180418,20180418
casos,https://www.lanacion.com.ar/2126686-tras-la-mayor-sequia-en-50-anos-cuales-son-las-provincias-que-estan-en-emergencia,daniel+pelegrina,1,20180418,20180418
reales,https://www.lanacion.com.ar/2126686-tras-la-mayor-sequia-en-50-anos-cuales-son-las-provincias-que-estan-en-emergencia,daniel+pelegrina,1,20180418,20180418
afirmo,https://www.lanacion.com.ar/2126686-tras-la-mayor-sequia-en-50-anos-cuales-son-las-provincias-que-estan-en-emergencia,daniel+pelegrina,1,20180418,20180418
daniel,https://www.lanacion.com.ar/2126686-tras-la-mayor-sequia-en-50-anos-cuales-son-las-provincias-que-estan-en-emergencia,daniel+pelegrina,1,20180418,20180418
pelegrina,https://www.lanacion.com.ar/2126686-tras-la-mayor-sequia-en-50-anos-cuales-son-las-provincias-que-estan-en-emergencia,daniel+pelegrina,1,20180418,20180418
presidente,https://www.lanacion.com.ar/2126686-tras-la-mayor-sequia-en-50-anos-cuales-son-las-provincias-que-estan-en-emergencia,daniel+pelegrina,1,20180418,20180418
sociedad,https://www.lanacion.com.ar/2126686-tras-la-mayor-sequia-en-50-anos-cuales-son-las-provincias-que-estan-en-emergencia,daniel+pelegrina,1,20180418,20180418
rural,https://www.lanacion.com.ar/2126686-tras-la-mayor-sequia-en-50-anos-cuales-son-las-provincias-que-estan-en-emergencia,daniel+pelegrina,1,20180418,20180418
argentina,https://www.lanacion.com.ar/2126686-tras-la-mayor-sequia-en-50-anos-cuales-son-las-provincias-que-estan-en-emergencia,daniel+pelegrina,1,20180418,20180418
fernando,https://www.lanacion.com.ar/2126686-tras-la-mayor-sequia-en-50-anos-cuales-son-las-provincias-que-estan-en-emergencia,daniel+pelegrina,1,20180418,20180418
bertello,https://www.lanacion.com.ar/2126686-tras-la-mayor-sequia-en-50-anos-cuales-son-las-provincias-que-estan-en-emergencia,daniel+pelegrina,1,20180418,20180418
temas,https://www.lanacion.com.ar/2126686-tras-la-mayor-sequia-en-50-anos-cuales-son-las-provincias-que-estan-en-emergencia,daniel+pelegrina,1,20180418,20180418
esta,https://www.lanacion.com.ar/2126686-tras-la-mayor-sequia-en-50-anos-cuales-son-las-provincias-que-estan-en-emergencia,daniel+pelegrina,1,20180418,20180418
nota,https://www.lanacion.com.ar/2126686-tras-la-mayor-sequia-en-50-anos-cuales-son-las-provincias-que-estan-en-emergencia,daniel+pelegrina,1,20180418,20180418
campo,https://www.lanacion.com.ar/2126686-tras-la-mayor-sequia-en-50-anos-cuales-son-las-provincias-que-estan-en-emergencia,daniel+pelegrina,1,20180418,20180418
campo,https://www.lanacion.com.ar/2126686-tras-la-mayor-sequia-en-50-anos-cuales-son-las-provincias-que-estan-en-emergencia,daniel+pelegrina,1,20180418,20180418
seguir,https://www.lanacion.com.ar/2126686-tras-la-mayor-sequia-en-50-anos-cuales-son-las-provincias-que-estan-en-emergencia,daniel+pelegrina,1,20180418,20180418
sequia,https://www.lanacion.com.ar/2126686-tras-la-mayor-sequia-en-50-anos-cuales-son-las-provincias-que-estan-en-emergencia,daniel+pelegrina,1,20180418,20180418
gusto,https://www.lanacion.com.ar/2126686-tras-la-mayor-sequia-en-50-anos-cuales-son-las-provincias-que-estan-en-emergencia,daniel+pelegrina,1,20180418,20180418
esta,https://www.lanacion.com.ar/2126686-tras-la-mayor-sequia-en-50-anos-cuales-son-las-provincias-que-estan-en-emergencia,daniel+pelegrina,1,20180418,20180418
nota,https://www.lanacion.com.ar/2126686-tras-la-mayor-sequia-en-50-anos-cuales-son-las-provincias-que-estan-en-emergencia,daniel+pelegrina,1,20180418,20180418
comentarios,https://www.lanacion.com.ar/2126686-tras-la-mayor-sequia-en-50-anos-cuales-son-las-provincias-que-estan-en-emergencia,daniel+pelegrina,1,20180418,20180418
comentarios,https://www.lanacion.com.ar/2126686-tras-la-mayor-sequia-en-50-anos-cuales-son-las-provincias-que-estan-en-emergencia,daniel+pelegrina,1,20180418,20180418
envia,https://www.lanacion.com.ar/2126686-tras-la-mayor-sequia-en-50-anos-cuales-son-las-provincias-que-estan-en-emergencia,daniel+pelegrina,1,20180418,20180418
comentario,https://www.lanacion.com.ar/2126686-tras-la-mayor-sequia-en-50-anos-cuales-son-las-provincias-que-estan-en-emergencia,daniel+pelegrina,1,20180418,20180418
legales,https://www.lanacion.com.ar/2126686-tras-la-mayor-sequia-en-50-anos-cuales-son-las-provincias-que-estan-en-emergencia,daniel+pelegrina,1,20180418,20180418
comentarios,https://www.lanacion.com.ar/2126686-tras-la-mayor-sequia-en-50-anos-cuales-son-las-provincias-que-estan-en-emergencia,daniel+pelegrina,1,20180418,20180418
publicados,https://www.lanacion.com.ar/2126686-tras-la-mayor-sequia-en-50-anos-cuales-son-las-provincias-que-estan-en-emergencia,daniel+pelegrina,1,20180418,20180418
exclusiva,https://www.lanacion.com.ar/2126686-tras-la-mayor-sequia-en-50-anos-cuales-son-las-provincias-que-estan-en-emergencia,daniel+pelegrina,1,20180418,20180418
responsabilidad,https://www.lanacion.com.ar/2126686-tras-la-mayor-sequia-en-50-anos-cuales-son-las-provincias-que-estan-en-emergencia,daniel+pelegrina,1,20180418,20180418
autores,https://www.lanacion.com.ar/2126686-tras-la-mayor-sequia-en-50-anos-cuales-son-las-provincias-que-estan-en-emergencia,daniel+pelegrina,1,20180418,20180418
consecuencias,https://www.lanacion.com.ar/2126686-tras-la-mayor-sequia-en-50-anos-cuales-son-las-provincias-que-estan-en-emergencia,daniel+pelegrina,1,20180418,20180418
derivadas,https://www.lanacion.com.ar/2126686-tras-la-mayor-sequia-en-50-anos-cuales-son-las-provincias-que-estan-en-emergencia,daniel+pelegrina,1,20180418,20180418
ellos,https://www.lanacion.com.ar/2126686-tras-la-mayor-sequia-en-50-anos-cuales-son-las-provincias-que-estan-en-emergencia,daniel+pelegrina,1,20180418,20180418
pueden,https://www.lanacion.com.ar/2126686-tras-la-mayor-sequia-en-50-anos-cuales-son-las-provincias-que-estan-en-emergencia,daniel+pelegrina,1,20180418,20180418
pasibles,https://www.lanacion.com.ar/2126686-tras-la-mayor-sequia-en-50-anos-cuales-son-las-provincias-que-estan-en-emergencia,daniel+pelegrina,1,20180418,20180418
sanciones,https://www.lanacion.com.ar/2126686-tras-la-mayor-sequia-en-50-anos-cuales-son-las-provincias-que-estan-en-emergencia,daniel+pelegrina,1,20180418,20180418
legales,https://www.lanacion.com.ar/2126686-tras-la-mayor-sequia-en-50-anos-cuales-son-las-provincias-que-estan-en-emergencia,daniel+pelegrina,1,20180418,20180418
aquel,https://www.lanacion.com.ar/2126686-tras-la-mayor-sequia-en-50-anos-cuales-son-las-provincias-que-estan-en-emergencia,daniel+pelegrina,1,20180418,20180418
usuario,https://www.lanacion.com.ar/2126686-tras-la-mayor-sequia-en-50-anos-cuales-son-las-provincias-que-estan-en-emergencia,daniel+pelegrina,1,20180418,20180418
incluya,https://www.lanacion.com.ar/2126686-tras-la-mayor-sequia-en-50-anos-cuales-son-las-provincias-que-estan-en-emergencia,daniel+pelegrina,1,20180418,20180418
mensajes,https://www.lanacion.com.ar/2126686-tras-la-mayor-sequia-en-50-anos-cuales-son-las-provincias-que-estan-en-emergencia,daniel+pelegrina,1,20180418,20180418
algun,https://www.lanacion.com.ar/2126686-tras-la-mayor-sequia-en-50-anos-cuales-son-las-provincias-que-estan-en-emergencia,daniel+pelegrina,1,20180418,20180418
comentario,https://www.lanacion.com.ar/2126686-tras-la-mayor-sequia-en-50-anos-cuales-son-las-provincias-que-estan-en-emergencia,daniel+pelegrina,1,20180418,20180418
violatorio,https://www.lanacion.com.ar/2126686-tras-la-mayor-sequia-en-50-anos-cuales-son-las-provincias-que-estan-en-emergencia,daniel+pelegrina,1,20180418,20180418
reglamento,https://www.lanacion.com.ar/2126686-tras-la-mayor-sequia-en-50-anos-cuales-son-las-provincias-que-estan-en-emergencia,daniel+pelegrina,1,20180418,20180418
